workerid,language,enjoyment,gender,age,problems,comments,asses,fairprice,education
0,"""english""","""1""","""Male""","""32""","""no""","""""","""Yes""",""".30""","""3"""
1,"""ENGLISH""","""2""","""Male""","""27""","""no""","""Thank you""","""Yes""","""yes""","""1"""
2,"""English""","""2""","""Male""","""32""","""""","""""","""Yes""",""".3""","""3"""
3,"""english""","""1""","""Male""","""22""","""no""","""""","""No""",""".25""","""3"""
4,"""English""","""2""","""Male""","""29""","""no""","""""","""Yes""","""27c is fine""","""2"""
5,"""English""","""2""","""Female""","""53""","""no""","""""",NA,""".27""","""3"""
6,"""English""","""2""","""Female""","""37""","""None""","""Thanks!""","""No""",""".27""","""2"""
7,"""English""","""2""","""Male""","""66""","""No""","""""",NA,"""Yes""","""2"""
8,"""English""","""2""","""Female""","""50""","""none""","""Make the end boxes for demographic information a little bigger - they were hard to type in""",NA,""".30""","""3"""
9,"""English""","""2""","""Male""","""34""","""None""","""""","""Yes""",""".40""","""1"""
10,"""English""","""2""","""Female""","""32""","""no""","""no comments""","""Yes""","""0.25""","""3"""
11,"""English""","""-1""","""Female""","""37""","""no""","""Thanks!""","""Yes""",""".27""","""3"""
12,"""English""","""1""","""Female""","""47""","""no""","""thank you and be well""","""Yes""","""yes""","""1"""
13,"""English""","""2""","""Male""","""37""","""No""","""""","""Yes""","""0.30""","""2"""
14,"""English""","""2""","""Male""","""27""","""no""","""easy and straightforward. Thank you. """,NA,""".25""","""3"""
15,"""English ""","""1""","""Female""","""35""","""No""","""""","""No""","""27""","""3"""
16,"""english""","""2""","""Male""","""31""","""""","""""","""Yes""",""".25""","""2"""
17,"""English""","""1""","""Male""","""29""","""""","""""","""Yes""","""0.50""","""2"""
18,"""English""","""2""","""Male""","""36""","""""","""""","""Yes""","""""","""2"""
19,"""English""","""2""","""Female""","""42""","""""","""""",NA,""".05""","""4"""
20,"""English""","""2""","""Female""","""24""","""no""","""""","""Yes""","""0.15""","""3"""
21,"""English""","""2""","""Male""","""48""","""None""","""""","""Yes""",""".15""","""4"""
22,"""English""","""1""","""Female""","""23""","""no""","""""",NA,"""0.27""","""2"""
23,"""English""","""2""","""Male""","""35""","""No""","""This was interesting.""","""Yes""",""".25""","""4"""
24,"""English""","""1""","""Female""","""56""","""none""","""none""",NA,"""Yes it is fair.""","""2"""
25,"""english""","""1""","""Female""","""47""","""no, none""","""no comments""","""Yes""",""".27""","""2"""
26,"""English""","""2""","""Male""","""32""","""No""","""""","""Yes""",""".30""","""3"""
27,"""english""","""2""","""Female""","""30""","""no""","""good""","""No""","""0.30""","""4"""
28,"""English""","""2""","""Female""","""52""","""no""","""""","""Yes""",""".27""","""3"""
29,"""English""","""2""","""Male""","""29""","""""","""""","""No""",""".5""","""4"""
30,"""English""","""2""","""Female""","""25""","""none""","""""","""Yes""",""".27""","""2"""
31,"""english""","""2""","""Female""","""32""","""no""","""""","""Yes""",""".27""","""2"""
32,"""english""","""1""","""Male""","""38""","""no""","""more""","""Yes""","""yes""","""3"""
33,"""English""","""2""","""Female""","""54""","""""","""""","""Yes""",""".40""","""3"""
34,"""English""","""2""","""Female""","""38""","""No""","""""","""Yes""",""".25""","""2"""
35,"""English""","""2""","""Male""","""54""","""none""","""""","""Yes""","""yes""","""2"""
36,"""English""","""2""","""Male""","""46""","""no""","""""","""No""","""0.27""","""2"""
37,"""English""","""1""","""Female""","""37""","""No.""","""No issues and was simple.""","""Yes""","""0.30""","""2"""
38,"""English""","""1""","""Female""","""33""","""None""","""The HIT was fine. This question list takes longer and is not fine. You&quotecharre still gathering information from us at this point and it still takes time. Compensate accordingly.""","""Yes""","""1.00""","""3"""
39,"""English""","""2""","""Female""","""60""","""no""","""""","""Yes""","""27""","""2"""
40,"""english""","""1""","""Male""","""32""","""no""","""""","""Yes""",""".25""","""3"""
41,"""English""","""2""","""Male""","""25""","""none ""","""it the hit was interesting i would love to do more hits like this ""","""Yes""","""$0.5""","""4"""
42,"""English""","""2""","""Female""","""46""","""no""","""""",NA,""".25""","""3"""
43,"""English""","""1""","""Female""","""19""","""No.""","""""","""Yes""","""$0.27""","""2"""
44,"""English""","""2""","""""","""34""","""""","""""",NA,"""""","""3"""
45,"""English""","""2""","""Male""","""29""","""""","""I like gay guys (I&quotecharm not gay though).""","""Yes""","""0.27""","""3"""
46,"""English""","""1""","""Male""","""29""","""No.""","""""","""Yes""",""".30""","""2"""
47,"""English""","""1""","""Female""","""33""","""No""","""""","""Yes""",""".27""","""2"""
48,"""English""","""2""","""Female""","""45""","""no""","""Thanks!""","""Yes""",""".25""","""3"""
49,"""English""","""2""","""Female""","""24""","""""","""""","""Yes""",""".40""","""1"""
50,"""English""","""2""","""Female""","""25""","""No.""","""Thanks!""",NA,"""1.00""","""2"""
51,"""english""","""1""","""Female""","""24""","""""","""""","""Yes""",""".25""","""1"""
52,"""english""","""2""","""Female""","""23""","""no""","""good HIT and good pay""","""Yes""","""yes""","""2"""
53,"""English""","""1""","""Female""","""31""","""no""","""""",NA,"""30""","""2"""
54,"""English""","""1""","""Female""","""46""","""no""","""""","""Yes""","""0.25""","""4"""
55,"""english""","""1""","""Male""","""27""","""no""","""""","""Yes""",""".10""","""3"""
56,"""English""","""1""","""Male""","""23""","""""","""""","""Yes""",""".25""","""2"""
57,"""english""","""2""","""Male""","""27""","""no""","""God bless and good luck! Jesus loves you! All clear with the survey. Thank you for the opportunity to help!\n""","""Yes""","""yes""","""2"""
58,"""English""","""2""","""Male""","""39""","""no""","""I think you might want to be careful with priming subjects for this experiment. Stating that it was a \""male\"" speaker was fine. But the as soon as I saw the 2nd question I knew what you were looking for. This *may* cause people to reevaluate the voice and listen to it again a different way. Set up the quiz so they can&quotechart see the questions until after they&quotecharve listen to the voice as much as they want.""","""Yes""","""0.27""","""3"""
59,"""English""","""2""","""Female""","""58""","""No""","""Thank you for hit that was exactly as presented!""","""Yes""","""$0.27""","""3"""
60,"""English""","""1""","""Male""","""48""","""No.""","""""",NA,"""0.27""","""3"""
61,"""English""","""1""","""Male""","""46""","""No""","""Thanks""",NA,"""Yes""","""2"""
62,"""english""","""2""","""Female""","""47""","""no""","""no comments""","""Yes""",""".25""","""2"""
63,"""English""","""1""","""Female""","""48""","""took a second for the voice to start.  Thought my speakers weren&quotechart working.  Maybe that was intentional :)""","""Nope""","""Yes""","""yes""","""2"""
64,"""English""","""1""","""Male""","""28""","""no""","""""","""Yes""","""yes""","""3"""
65,"""English""","""2""","""Female""","""34""","""""","""""","""Yes""","""0.27""","""3"""
66,"""""","""-1""","""Male""","""32""","""""","""""","""Yes""","""""","""2"""
67,"""English""","""2""","""Female""","""32""","""No""","""""","""Yes""","""Yes""","""2"""
68,"""English""","""2""","""Male""","""59""","""no""","""""","""Yes""",""".27""","""2"""
69,"""english""","""1""","""Male""","""54""","""no""","""""","""Yes""","""I guess""","""3"""
70,"""English""","""2""","""Female""","""32""","""""","""""","""Yes""","""0.30""","""3"""
71,"""English""","""2""","""Male""","""23""","""There were no issues""","""""","""Yes""",""".30""","""3"""
72,"""English""","""1""","""Male""","""28""","""""","""""","""Yes""","""0.27""","""2"""
73,"""English""","""2""","""Male""","""60""","""no""","""would be willing to do any similar hits you send me.""","""Yes""",""".25""","""3"""
74,"""english""","""2""","""Female""","""56""","""nope""","""""","""Yes""","""27""","""3"""
75,"""English""","""2""","""Male""","""30""","""No""","""""",NA,"""Yes""","""3"""
76,"""English""","""1""","""Male""","""30""","""No""","""""","""Yes""","""Yes""","""4"""
77,"""english""","""1""","""Female""","""66""","""""","""""",NA,""".50""","""4"""
78,"""English""","""2""","""Male""","""38""","""No""","""""",NA,""".30""","""3"""
79,"""english""","""2""","""Male""","""35""","""no""","""""","""Yes""",""".27""","""3"""
80,"""english""","""1""","""Female""","""55""","""no""","""""","""Yes""","""30""","""3"""
81,"""English""","""2""","""Female""","""32""","""none""","""""","""Yes""",""".30""","""3"""
82,"""English""","""2""","""Male""","""34""","""""","""""","""Yes""",""".20""","""1"""
83,"""English""","""1""","""Male""","""48""","""no""","""""",NA,"""$0.25""","""3"""
84,"""english""","""1""","""Female""","""32""","""no""","""""","""Yes""",""".50""","""3"""
85,"""english""","""2""","""Female""","""52""","""none""","""""","""Yes""",""".30""","""3"""
86,"""English""","""2""","""Female""","""27""","""No""","""""","""Yes""","""yes""","""2"""
87,"""English""","""2""","""Male""","""35""","""No.""","""""","""Yes""",""".27""","""2"""
88,"""english""","""2""","""Female""","""33""","""no""","""it was fun""","""Yes""",""".50""","""3"""
89,"""english""","""1""","""Female""","""34""","""no""","""""","""Yes""","""0.30""","""2"""
90,"""English""","""2""","""Female""","""32""","""No""","""""","""Yes""",""".27""","""3"""
91,"""english""","""2""","""Male""","""30""","""none""","""""","""Yes""","""yes""","""3"""
92,"""English""","""2""","""Male""","""22""","""""","""""","""Yes""",""".2""","""3"""
93,"""English""","""1""","""Male""","""43""","""No""","""""","""Yes""","""Yes""","""3"""
94,"""English""","""2""","""Male""","""32""","""I only heard one speaker.""","""""","""Yes""",""".25""","""3"""
95,"""English""","""1""","""Female""","""25""","""No""","""""","""Yes""",""".25""","""3"""
96,"""English""","""2""","""Female""","""31""","""""","""""","""Yes""",""".27""","""4"""
97,"""English""","""1""","""Female""","""23""","""No""","""""",NA,"""0.20""","""2"""
98,"""english""","""1""","""Male""","""33""","""no""","""""","""Yes""",""".27""","""2"""
99,"""English""","""1""","""Female""","""45""","""No problems""","""Thank you, is there a limit on how many we can do?\n""","""Yes""",""".27""","""1"""
100,"""English""","""2""","""Male""","""27""","""no""","""""","""No""",""".20""","""2"""
101,"""english""","""2""","""Female""","""29""","""no""","""""","""Yes""",""".25""","""3"""
102,"""English""","""2""","""Male""","""28""","""No technical difficulties, whatsoever.""","""Person sounded gay to me.""",NA,""".50""","""1"""
103,"""english""","""2""","""Female""","""31""","""no""","""""",NA,""".25""","""1"""
104,"""english""","""1""","""Female""","""62""","""no""","""no comments""",NA,""".50""","""4"""
105,"""english""","""1""","""Female""","""33""","""no""","""""","""Yes""","""0.30""","""1"""
106,"""english""","""2""","""Female""","""55""","""no""","""interesting and fun""","""Yes""",""".20""","""2"""
107,"""english""","""2""","""Female""","""53""","""no""","""""",NA,""".50""","""3"""
108,"""English""","""2""","""Female""","""69""","""no""","""""",NA,""".27""","""2"""
109,"""English""","""2""","""Male""","""26""","""""","""""","""Yes""","""0.25""","""3"""
110,"""English ""","""1""","""Female""","""44""","""It was fine but the last word had a skip or small glutch""","""""","""Yes""",""".35""","""4"""
111,"""English""","""2""","""Male""","""31""","""No.""","""This was fun!""","""Yes""","""0.25""","""2"""
112,"""English ""","""1""","""Female""","""28""","""No""","""""","""Yes""",""".27""","""3"""
113,"""english""","""0""","""Female""","""54""","""your homophobic questions are offensive!!!!!!!!!!!!!!""","""your homophobic questions are offensive!!!!!!!!!!!!!!""","""Yes""","""2.00""","""3"""
114,"""English""","""2""","""Male""","""28""","""""","""""","""Yes""",""".27""","""2"""
115,"""english""","""1""","""Female""","""30""","""no""","""""","""Yes""",""".30""","""2"""
116,"""English""","""2""","""Male""","""28""","""""","""""","""Yes""",""".35""","""1"""
117,"""English""","""2""","""Female""","""31""","""no""","""""","""Yes""","""0.27""","""4"""
118,"""English""","""2""","""Male""","""27""","""None.""","""Great study.""","""Yes""","""0.30""","""1"""
119,"""English""","""1""","""Female""","""42""","""No""","""None""",NA,""".50""","""3"""
120,"""english""","""2""","""Female""","""37""","""no""","""""","""Yes""",""".27""","""3"""
121,"""English""","""2""","""Female""","""49""","""no""","""""","""Yes""",""".50""","""3"""
122,"""ENGLISH""","""2""","""Female""","""35""","""no""","""""","""Yes""",""".30""","""4"""
123,"""English""","""2""","""Female""","""46""","""no""","""""",NA,""".27""","""2"""
124,"""English""","""1""","""Female""","""59""","""There were no problems.""","""""","""Yes""","""$0.30""","""3"""
125,"""English""","""2""","""Female""","""33""","""none""","""Thank you! ""","""Yes""","""yes""","""2"""
126,"""English""","""2""","""Female""","""22""","""no""","""""",NA,""".45""","""4"""
127,"""English""","""2""","""Male""","""33""","""""","""""","""Yes""","""0.40""","""4"""
128,"""english""","""2""","""Male""","""74""","""no""","""good and nice""","""Yes""",""".30""","""3"""
129,"""English""","""1""","""Female""","""48""","""No""","""""","""Yes""","""0.25""","""3"""
130,"""english""","""2""","""Female""","""38""","""no""","""""",NA,""".25""","""2"""
131,"""English""","""2""","""Female""","""25""","""No""","""""","""Yes""",""".27""","""1"""
132,"""English""","""2""","""Female""","""56""","""""","""""",NA,""".35""","""3"""
133,"""English""","""2""","""Male""","""21""","""There was not.""","""None.""",NA,"""It was very generous.""","""2"""
134,"""English""","""2""","""Male""","""42""","""No""","""""",NA,""".27""","""3"""
135,"""English""","""1""","""Male""","""31""","""none""","""""","""Yes""","""0.25""","""3"""
136,"""English""","""2""","""Male""","""35""","""no""","""no comments""","""Yes""",""".25""","""4"""
137,"""English""","""1""","""Female""","""68""","""no""","""none""",NA,""".27""","""3"""
138,"""English""","""1""","""Male""","""35""","""no""","""""","""Yes""",""".30""","""3"""
139,"""English ""","""2""","""Female""","""33""","""No""","""""","""Yes""","""0.27""","""2"""
140,"""English""","""2""","""Female""","""53""","""no""","""This was interesting. ""","""Yes""",""".35""","""3"""
141,"""english""","""1""","""Male""","""35""","""no""","""n/a""",NA,""".27""","""3"""
142,"""English""","""1""","""Male""","""49""","""No.""","""None.""",NA,""".27""","""4"""
143,"""English""","""2""","""Male""","""29""","""NA""","""NA""","""Yes""","""0.27""","""3"""
144,"""English""","""2""","""Male""","""33""","""no issues""","""none""","""Yes""","""0.27""","""3"""
145,"""English""","""2""","""Male""","""35""","""None""","""I&quotechard definitely do more of these.""","""Yes""","""0.27""","""3"""
146,"""english""","""0""","""Male""","""46""","""it didnt pay anything the forst time""","""""","""Yes""","""?""","""2"""
147,"""english""","""1""","""Female""","""43""","""no""","""""",NA,""".25""","""4"""
148,"""English""","""1""","""Female""","""34""","""""","""""",NA,""".27""","""2"""
149,"""English""","""2""","""Male""","""65""","""No""","""Well-paid for what was asked. Thanks!""","""Yes""",""".25""","""2"""
150,"""English""","""2""","""Female""","""36""","""None.""","""None.""","""Yes""",""".27""","""2"""
151,"""English""","""2""","""Male""","""42""","""""","""""",NA,"""0.25""","""4"""
152,"""English""","""1""","""Male""","""36""","""No problems here.""","""""","""Yes""","""0.25""","""3"""
153,"""English""","""1""","""Female""","""37""","""no""","""""","""No""",""".30""","""2"""
154,"""English""","""2""","""Male""","""40""","""No.""","""None.""","""Yes""","""0.30""","""3"""
155,"""Spanish, English""","""1""","""Female""","""23""","""No""","""""","""Yes""","""I think 27 cents is fair.""","""1"""
156,"""English""","""1""","""Male""","""34""","""No""","""""","""Yes""","""0.40""","""3"""
157,"""ENGLISH""","""2""","""Female""","""32""","""NONE""","""N/A""","""Yes""","""0.25""","""3"""
158,"""english""","""1""","""Male""","""42""","""none""","""""","""No""","""it is ok""","""1"""
159,"""English""","""2""","""Male""","""24""","""Everything was clear""","""The HIT was smooth to follow. Thank you""",NA,"""0.30""","""3"""
160,"""english""","""2""","""Male""","""24""","""no""","""""","""Yes""",""".30""","""3"""
161,"""English""","""2""","""Female""","""27""","""No""","""""",NA,"""0.15""","""3"""
162,"""englisg""","""2""","""Female""","""45""","""no""","""it was all good""","""Yes""","""30""","""1"""
163,"""English""","""1""","""Male""","""42""","""No.""","""None.""",NA,""".30""","""3"""
164,"""English""","""2""","""Male""","""27""","""""","""""","""Yes""","""""","""4"""
165,"""english""","""2""","""Male""","""76""","""none""","""""",NA,"""yes""","""4"""
166,"""English""","""1""","""Female""","""69""","""none""","""Thank you for the opportunity to participate in your study and best of outcomes for you.""","""Yes""",""".30""","""3"""
167,"""english""","""2""","""Male""","""27""","""none""","""""",NA,""".30""","""2"""
168,"""English""","""1""","""Female""","""31""","""nope""","""""","""Yes""",""".30""","""2"""
169,"""English""","""1""","""Male""","""39""","""no""","""""","""Yes""",""".27""","""3"""
170,"""English""","""1""","""Male""","""27""","""""","""""","""Yes""","""""","""3"""
171,"""English""","""2""","""Female""","""36""","""It sounded like the ending of the recording was stuck""","""This was great! It would be fun to do more!""","""Yes""","""0.27""","""1"""
172,"""English""","""2""","""Female""","""30""","""""","""""","""Yes""",""".05""","""2"""
173,"""english""","""2""","""Female""","""38""","""no""","""no""","""Yes""","""27""","""2"""
174,"""English""","""1""","""Female""","""41""","""none""","""none""","""Yes""",""".25""","""4"""
175,"""English""","""2""","""Male""","""53""","""no""","""""","""Yes""","""I don&quotechart know""","""2"""
176,"""English""","""2""","""Male""","""64""","""no problems""","""thank you very much""","""No""","""0.27""","""2"""
177,"""English""","""2""","""Male""","""38""","""no""","""""","""Yes""","""yes""","""2"""
178,"""english""","""1""","""Male""","""35""","""no""","""""",NA,"""yes""","""3"""
179,"""English""","""2""","""Female""","""33""","""No.""","""""","""Yes""","""10 cents""","""3"""
180,"""English""","""1""","""Male""","""33""","""No problems""","""""","""Yes""","""Yes""","""3"""
181,"""English""","""1""","""Female""","""36""","""""","""""",NA,"""""","""3"""
182,"""english""","""2""","""Female""","""40""","""no""","""""","""Yes""","""0.30""","""3"""
183,"""English""","""1""","""Female""","""28""","""no""","""""","""Yes""",""".33""","""2"""
184,"""English""","""2""","""Female""","""31""","""No""","""""","""Yes""",""".27""","""3"""
185,"""English""","""2""","""""","""56""","""""","""It was quick and easy""",NA,"""""","""2"""
186,"""English""","""2""","""Male""","""33""","""none""","""""","""Yes""","""0.50""","""4"""
187,"""English""","""2""","""Male""","""30""","""no""","""none""","""Yes""","""$0.2""","""2"""
188,"""english""","""2""","""Male""","""37""","""No""","""""","""Yes""","""Yes""","""3"""
189,"""English""","""2""","""Male""","""69""","""no""","""I enjoyed extrapolating information about the speaker just from a small clip of their words. ""","""Yes""",""".50""","""3"""
190,"""English""","""2""","""Male""","""28""","""No""","""""","""Yes""","""0.30""","""3"""
191,"""English""","""2""","""Male""","""51""","""Not at all!""","""""","""Yes""",""".25""","""2"""
192,"""English""","""2""","""Male""","""30""","""""","""""","""Yes""","""0.50""","""3"""
193,"""english""","""2""","""Male""","""49""","""no problems""","""""","""Yes""",""".30""","""3"""
194,"""English""","""1""","""Male""","""31""","""No""","""None""",NA,""".20""","""4"""
195,"""English ""","""2""","""Male""","""38""","""No""","""This was fun but the pay could be a little better ""","""Yes""",""".50""","""3"""
196,"""English""","""2""","""Male""","""30""","""Nope""","""Nothing of note, interesting hit.""","""No""",""".25""","""3"""
197,"""english""","""2""","""Male""","""57""","""nope""","""""",NA,"""50 cengs""","""4"""
198,"""english""","""2""","""""","""28""","""""","""good""",NA,"""""","""4"""
199,"""English""","""1""","""Female""","""40""","""n/a""","""""",NA,"""25""","""2"""
200,"""English""","""2""","""Male""","""44""","""No""","""This was fun. I would do more of these. """,NA,""".25""","""4"""
201,"""English""","""2""","""Female""","""36""","""no""","""Interesting survey""",NA,"""0.27""","""3"""
202,"""Eng""","""2""","""Male""","""68""","""none""","""none""","""Yes""","""yes""","""4"""
203,"""english""","""2""","""Male""","""26""","""no""","""""","""Yes""",""".30""","""3"""
204,"""English""","""2""","""Male""","""22""","""""","""""","""Yes""",""".3""","""3"""
205,"""Bulgarian""","""2""","""Male""","""28""","""No.""","""It was interesting and fun to do.""","""Yes""","""0.27""","""3"""
206,"""English""","""1""","""Female""","""46""","""No.""","""None""","""Yes""",""".27""","""0"""
207,"""English""","""2""","""Male""","""29""","""No""","""""","""No""","""yes""","""3"""
208,"""english""","""-1""","""""","""""","""""","""""","""Yes""","""""","""-1"""
209,"""English""","""1""","""Male""","""21""","""No""","""""","""Yes""",""".20""","""2"""
210,"""English""","""1""","""Male""","""39""","""No""","""""",NA,"""Yes""","""2"""
211,"""English""","""2""","""Male""","""26""","""No""","""""","""Yes""",""".5""","""3"""
212,"""English""","""2""","""Male""","""36""","""No""","""""","""Yes""","""yeah, it is good""","""3"""
213,"""English""","""2""","""Female""","""49""","""No.""","""Thank you. ""","""Yes""",""".30""","""1"""
214,"""English""","""1""","""Female""","""18""","""""","""""","""Yes""",""".25""","""2"""
215,"""""","""-1""","""""","""""","""""","""""","""Yes""","""""","""-1"""
216,"""English""","""2""","""Male""","""30""","""N/A""","""Everything went smoothly.""","""Yes""",""".20""","""2"""
217,"""English""","""1""","""Male""","""49""","""no""","""""",NA,"""0.27""","""3"""
218,"""english""","""2""","""Female""","""53""","""""","""""","""Yes""",""".27""","""3"""
219,"""English""","""1""","""Male""","""34""","""None""","""None at the moment""","""Yes""","""30""","""3"""
220,"""English""","""1""","""Female""","""26""","""No""","""""","""Yes""",""".25""","""2"""
221,"""English""","""2""","""Female""","""46""","""no""","""""","""Yes""",""".27""","""3"""
222,"""English""","""2""","""Male""","""27""","""No""","""""","""Yes""",""".20""","""3"""
223,"""English""","""2""","""Other""","""25""","""""","""""","""Yes""","""0.27""","""2"""
224,"""English""","""1""","""Male""","""22""","""""","""""","""Yes""","""0.40""","""3"""
225,"""English""","""1""","""Other""","""33""","""""","""""","""Yes""",""".25""","""4"""
226,"""English, Dutch, German""","""2""","""Male""","""43""","""No.""","""Very interesting, open to do (many) more. ""","""Yes""","""0.01""","""3"""
227,"""English""","""2""","""Female""","""42""","""No.""","""""","""Yes""",""".30""","""3"""
228,"""English""","""2""","""Female""","""41""","""No""","""""","""Yes""","""0.27""","""3"""
229,"""english""","""1""","""Male""","""39""","""no""","""none""","""No""",""".20""","""2"""
230,"""English""","""2""","""Male""","""30""","""No problems""","""""","""Yes""",""".25""","""2"""
231,"""English""","""2""","""Male""","""26""","""none""","""very simple but fun to do experiment""","""Yes""",""".27""","""3"""
232,"""English""","""2""","""Female""","""53""","""No""","""Fun and interesting!""","""Yes""",""".27""","""3"""
233,"""English ""","""2""","""Male""","""30""","""No""","""Fun""","""Yes""",""".35""","""3"""
234,"""English""","""2""","""Male""","""27""","""""","""""","""Yes""",""".27""","""3"""
235,"""English""","""1""","""Male""","""24""","""""","""""","""Yes""","""Yes""","""3"""
236,"""English""","""1""","""Male""","""40""","""no""","""No other comments.""",NA,""".25""","""1"""
237,"""English""","""2""","""Male""","""23""","""NO""","""""",NA,"""0.50""","""1"""
238,"""English""","""1""","""Male""","""28""","""No""","""""","""Yes""",""".25""","""3"""
239,"""english""","""1""","""Female""","""41""","""no""","""""",NA,"""30 Cents""","""3"""
240,"""english""","""2""","""Male""","""49""","""""","""""","""Yes""","""""","""3"""
241,"""English""","""1""","""Female""","""37""","""No.""","""None,""","""No""","""20""","""3"""
242,"""English""","""2""","""Male""","""31""","""No""","""It was an interesting HIT""",NA,"""about what is offered""","""3"""
243,"""English""","""2""","""Male""","""31""","""no""","""""","""Yes""",""".25""","""2"""
244,"""English""","""2""","""Male""","""34""","""The experiment went smoothly""","""""",NA,"""$0.15""","""3"""
245,"""English""","""2""","""Male""","""22""","""No""","""""",NA,""".35""","""2"""
246,"""English""","""1""","""Female""","""31""","""No""","""N/A""","""Yes""","""0.27""","""3"""
247,"""English""","""1""","""Male""","""22""","""No""","""""","""Yes""","""The posted price.""","""2"""
248,"""Spanish""","""1""","""Female""","""45""","""no""","""""","""Yes""","""$0.27""","""3"""
249,"""english""","""1""","""Female""","""26""","""no""","""""","""Yes""","""yes""","""4"""
250,"""English""","""2""","""Male""","""33""","""None""","""None""","""Yes""","""25""","""3"""
251,"""English""","""1""","""Female""","""31""","""No""","""""","""No""","""Yes""","""3"""
252,"""English""","""1""","""Male""","""33""","""Audio popped at the beginning (cut at a nonzero crossing of the waveform)""","""Allowing downloads is helpful, but the file names may give away information about the experimental manipulations.""","""Yes""","""$.30""","""4"""
253,"""Enlgish""","""2""","""Male""","""28""","""None!""","""Thank you for having a different type of Hit and great pay!""",NA,"""$0.15""","""2"""
254,"""english""","""2""","""Male""","""31""","""no""","""""","""Yes""",""".27""","""3"""
255,"""English""","""1""","""Other""","""32""","""no""","""""","""Yes""","""yes""","""2"""
256,"""English""","""2""","""Male""","""27""","""no""","""Good luck with your research!""","""Yes""","""yes""","""3"""
257,"""English""","""1""","""Female""","""54""","""nope""","""""","""Yes""",""".30""","""2"""
258,"""English""","""2""","""Female""","""34""","""No""","""Good hit""","""Yes""","""20""","""3"""
259,"""Tamil""","""2""","""Male""","""48""","""No""","""None""","""Yes""","""$0.25""","""3"""
260,"""English""","""2""","""Male""","""43""","""None""","""""",NA,""".27 is fair""","""3"""
261,"""English""","""2""","""Male""","""45""","""no""","""""","""Yes""","""0.27""","""3"""
262,"""english""","""1""","""Female""","""29""","""no""","""none""",NA,""".27""","""3"""
263,"""English""","""2""","""Female""","""32""","""No.""","""""","""No""","""0.27""","""3"""
264,"""English""","""2""","""Female""","""34""","""no""","""""",NA,"""the price paid now is fiar""","""3"""
265,"""English""","""2""","""Male""","""36""","""No""","""""",NA,""".3""","""3"""
266,"""English""","""2""","""Male""","""25""","""No.""","""""","""Yes""",""".25""","""3"""
267,"""English""","""1""","""Female""","""50""","""no""","""""","""Yes""",""".25""","""3"""
268,"""""","""2""","""Female""","""28""","""No""","""""","""Yes""",""".15""","""3"""
269,"""English""","""2""","""Male""","""30""","""No problems""","""""","""Yes""",""".27""","""3"""
270,"""American English""","""2""","""Male""","""30""","""No""","""""","""Yes""",""".27""","""4"""
271,"""English""","""2""","""Female""","""27""","""No""","""""","""Yes""",""".40""","""3"""
272,"""English""","""2""","""Male""","""35""","""None. Worked perfect.""","""N/A""","""Yes""",""".30""","""2"""
273,"""English, Chinese""","""2""","""Female""","""32""","""no""","""""","""Yes""","""yes""","""3"""
274,"""English""","""2""","""Female""","""39""","""No""","""""",NA,""".27""","""2"""
275,"""English""","""1""","""Male""","""26""","""no""","""""","""No""","""yes""","""3"""
276,"""English""","""2""","""Female""","""37""","""There were no bugs""","""""","""Yes""",""".30""","""3"""
277,"""English""","""1""","""Male""","""23""","""No problems""","""Thanks""","""Yes""","""0.27""","""0"""
278,"""English""","""2""","""Male""","""24""","""""","""""",NA,"""0.30""","""3"""
279,"""English""","""2""","""Male""","""32""","""I don&quotechart believe. ""","""Interesting HIT. ""","""Yes""","""0.10""","""0"""
280,"""English""","""2""","""Female""","""26""","""Everything worked fine for me.""","""Fun and interesting HIT. ""","""Yes""",""".27""","""3"""
281,"""English""","""2""","""Male""","""23""","""No, I encountered no bugs or problems""","""""","""Yes""","""0.45""","""3"""
282,"""English""","""2""","""Female""","""36""","""""","""""","""No""","""yes""","""2"""
283,"""English""","""2""","""Male""","""36""","""""","""""","""Yes""","""Yes""","""3"""
284,"""English""","""2""","""Male""","""32""","""no""","""""","""Yes""","""yes""","""4"""
285,"""english""","""2""","""Male""","""22""","""No""","""None""","""Yes""","""yes""","""3"""
286,"""English""","""2""","""Male""","""44""","""no""","""please post more hits like this ""","""Yes""",""".40""","""2"""
287,"""english""","""2""","""Female""","""33""","""no""","""""","""No""","""yes""","""4"""
288,"""English""","""2""","""Female""","""27""","""no""","""""","""Yes""","""yes""","""3"""
289,"""English""","""2""","""Male""","""43""","""No.""","""Curious how clips of double or triple the length from the same speaker&context would alter the responses.""",NA,"""0.30""","""1"""
290,"""english""","""2""","""Female""","""47""","""""","""""","""Yes""","""10""","""3"""
291,"""english""","""-1""","""Male""","""42""","""none""","""""","""Yes""",""".25""","""2"""
292,"""English""","""2""","""Male""","""36""","""""","""""",NA,""".10""","""4"""
293,"""""","""-1""","""""","""""","""""","""""",NA,"""""","""-1"""
294,"""English""","""1""","""Female""","""30""","""no""","""""","""Yes""",""".30""","""2"""
295,"""english""","""1""","""Male""","""30""","""no""","""""","""Yes""","""0.27""","""3"""
296,"""English""","""1""","""Female""","""24""","""""","""""","""Yes""",""".30""","""2"""
297,"""english ""","""2""","""Male""","""22""","""noen""","""none """,NA,"""1.00""","""1"""
298,"""English""","""1""","""Female""","""26""","""No problems""","""""",NA,"""0.30""","""3"""
299,"""English""","""1""","""Male""","""29""","""no""","""""",NA,"""0.10""","""2"""
300,"""English""","""1""","""Male""","""33""","""no""","""This was a quick and easy experiment.""",NA,"""0.30""","""3"""
301,"""English""","""2""","""Female""","""59""","""No""","""""",NA,""".25""","""3"""
302,"""American English""","""2""","""Male""","""33""","""None I could tell. ""","""Interesting! ""","""Yes""","""0.27""","""2"""
303,"""english""","""2""","""Female""","""38""","""no""","""wish these were batch hits""","""Yes""",""".30""","""1"""
304,"""English, some Spanish""","""2""","""Female""","""23""","""none""","""""","""Yes""","""your pay rate is fair""","""3"""
305,"""English""","""2""","""Male""","""43""","""No""","""It was a fun hit compared to others. ""","""Yes""","""0.27""","""0"""
306,"""English""","""2""","""Male""","""27""","""No""","""I would definitely like to know when more HITs like this come available!  Thanks!""","""Yes""","""Yes""","""3"""
307,"""English""","""2""","""Female""","""30""","""No""","""N/A""","""Yes""",""".25""","""3"""
308,"""English""","""1""","""Female""","""36""","""none""","""fun and quick ""","""Yes""",""".27""","""3"""
309,"""korean""","""2""","""Male""","""29""","""no problems""","""""","""Yes""",""".27""","""3"""
310,"""English""","""1""","""Female""","""25""","""""","""""","""Yes""",""".27""","""3"""
311,"""English""","""1""","""Male""","""51""","""nothing""","""""",NA,"""$0.27""","""3"""
312,"""English""","""2""","""Male""","""25""","""""","""""","""Yes""",""".27""","""2"""
313,"""English""","""2""","""Female""","""45""","""no""","""n/a""","""Yes""","""yes""","""4"""
314,"""English""","""2""","""Female""","""38""","""no""","""""","""Yes""","""27 cent""","""1"""
315,"""english""","""2""","""Female""","""32""","""none""","""none""","""Yes""","""0.20""","""2"""
316,"""English""","""2""","""Male""","""29""","""No""","""None""","""No""","""Yes""","""2"""
317,"""English""","""2""","""Male""","""39""","""no""","""""","""Yes""","""100.00""","""2"""
318,"""English""","""1""","""Female""","""56""","""no""","""""","""Yes""","""yes""","""3"""
319,"""english""","""1""","""Male""","""36""","""no""","""""","""Yes""",""".27""","""3"""
320,"""English""","""2""","""Female""","""27""","""""","""""","""Yes""",""".30""","""3"""
321,"""English""","""1""","""Male""","""27""","""None.""","""None. ""","""Yes""","""Yes""","""2"""
322,"""English""","""1""","""Male""","""32""","""Not that I was aware of.""","""""","""Yes""","""I think 27 cents was fine.""","""3"""
323,"""English""","""1""","""Male""","""26""","""""","""""",NA,""".20""","""3"""
324,"""English""","""1""","""Male""","""32""","""No""","""""",NA,"""Yes""","""3"""
325,"""English""","""1""","""Female""","""30""","""No""","""None""","""Yes""",""".40""","""1"""
326,"""english""","""1""","""Female""","""24""","""No""","""""","""Yes""","""25""","""2"""
327,"""English""","""2""","""Female""","""62""","""No""","""N/A""",NA,"""1.00""","""3"""
328,"""English""","""2""","""Female""","""29""",""".25""","""""","""Yes""","""""","""4"""
329,"""english""","""2""","""Female""","""31""","""no""","""""","""Yes""","""yes""","""3"""
330,"""english""","""1""","""Male""","""28""","""none""","""""","""Yes""","""yes""","""3"""
331,"""English""","""1""","""Female""","""36""","""None.""","""None.""","""No""","""Average""","""2"""
332,"""english""","""1""","""Male""","""36""","""no""","""""",NA,""".25""","""2"""
333,"""English""","""1""","""Female""","""31""","""None""","""None, thanks!""","""Yes""",""".30""","""3"""
334,"""English""","""2""","""Female""","""40""","""No""","""""","""Yes""",""".30""","""2"""
335,"""English""","""2""","""Male""","""24""","""No bugs to report.""","""I would be willing to do more of these with other voice types.""","""Yes""",""".30""","""3"""
336,"""English""","""2""","""Male""","""33""","""No""","""""","""Yes""","""0.27""","""3"""
337,"""English""","""1""","""Male""","""26""","""""","""""","""Yes""",""".27""","""4"""
338,"""english""","""2""","""Female""","""21""","""Pretty straight forward . Listen and answer.""","""""","""Yes""","""What was said already.""","""2"""
339,"""English""","""2""","""Male""","""47""","""No""","""Thank You""","""Yes""",""".30""","""4"""
340,"""English""","""1""","""Female""","""26""","""No bugs.""","""Good study.""","""Yes""","""0.30""","""3"""
341,"""English""","""2""","""Male""","""25""","""NA""","""NA""","""Yes""","""0.50""","""3"""
342,"""English""","""1""","""Male""","""39""","""""","""""",NA,""".30""","""3"""
343,"""English""","""2""","""Male""","""25""","""None""","""""","""Yes""",""".25""","""3"""
344,"""English""","""2""","""Male""","""42""","""Easy, nice format - I haven&quotechart done any HIT like this.  Thanks!""","""Easy, nice format - I haven&quotechart done any HIT like this.  Thanks!""","""Yes""","""$0.27""","""2"""
345,"""English""","""2""","""Female""","""52""","""no""","""none""",NA,"""yes""","""2"""
346,"""English""","""1""","""Male""","""23""","""""","""""","""Yes""",""".3""","""3"""
347,"""English""","""2""","""Female""","""27""","""No""","""""","""Yes""","""0.20""","""2"""
348,"""English""","""2""","""Male""","""29""","""""","""""",NA,""".25""","""3"""
349,"""English""","""2""","""Female""","""30""","""None""","""None""","""No""","""Yes""","""2"""
350,"""English""","""2""","""Male""","""26""","""No problems at all.""","""""","""No""","""27 cents""","""2"""
351,"""English""","""2""","""Male""","""33""","""""","""""","""Yes""","""0.30""","""2"""
352,"""English ""","""2""","""Male""","""33""","""""","""""",NA,""".25""","""3"""
353,"""English""","""2""","""Male""","""32""","""No""","""""","""Yes""","""25-30 cents is fine""","""3"""
354,"""""","""1""","""Male""","""28""","""""","""""","""No""",""".3""","""3"""
355,"""English""","""2""","""Female""","""65""","""no""","""It was nice and easy.""","""Yes""",""".35""","""2"""
356,"""English""","""2""","""Male""","""36""","""None whatsoever""","""""",NA,"""0.30""","""3"""
357,"""English""","""2""","""Male""","""32""","""N/A""","""N/A""","""Yes""",""".25""","""3"""
358,"""English""","""2""","""Male""","""22""","""""","""""","""Yes""","""$0.30""","""1"""
359,"""english""","""2""","""Male""","""41""","""no""","""""","""Yes""","""yes""","""2"""
360,"""English""","""1""","""Male""","""66""","""no""","""""","""Yes""","""0.27""","""4"""
361,"""English""","""2""","""Male""","""28""","""No problems.""","""""","""Yes""","""Yes""","""3"""
362,"""spanish""","""1""","""Male""","""29""","""none""","""i enjoyed the HIT was cool""","""Yes""","""0.29""","""0"""
363,"""English""","""2""","""Female""","""31""","""""","""""",NA,"""0.27""","""3"""
364,"""English""","""2""","""Male""","""36""","""No""","""None, thanks!""","""Yes""","""Yes""","""3"""
365,"""English""","""2""","""Male""","""40""","""No problems.""","""That was interesting. Sounded like the guy was hesitant.""",NA,"""0.27""","""4"""
366,"""English""","""2""","""Female""","""38""","""NO""","""""","""Yes""","""YES""","""2"""
367,"""""","""2""","""""","""""","""""","""""",NA,"""""","""-1"""
368,"""english""","""2""","""Female""","""40""","""""","""""","""Yes""",""".25""","""4"""
369,"""English""","""2""","""Male""","""25""","""Nope""","""""",NA,"""0.10""","""2"""
370,"""English""","""2""","""Male""","""32""","""No""","""None""",NA,""".27""","""4"""
371,"""english""","""2""","""Male""","""34""","""no""","""""","""No""",""".30""","""3"""
372,"""English""","""2""","""Female""","""31""","""No""","""""","""Yes""","""0.20""","""3"""
373,"""English""","""1""","""Male""","""27""","""No""","""No comment.""","""Yes""","""$0.50""","""2"""
374,"""English""","""2""","""Male""","""25""","""no""","""thanks!""","""No""",""".25""","""3"""
375,"""english""","""1""","""Male""","""39""","""no""","""no""","""Yes""","""0.5""","""3"""
376,"""English""","""2""","""Female""","""33""","""No""","""""","""Yes""","""$.50""","""3"""
377,"""English""","""2""","""Female""","""22""","""No.""","""""","""Yes""","""$.10""","""3"""
378,"""English""","""2""","""Male""","""38""","""No""","""""","""Yes""","""0.27""","""3"""
379,"""English""","""2""","""Female""","""36""","""none""","""none""","""Yes""","""1.00""","""2"""
380,"""english""","""1""","""Male""","""29""","""no""","""""","""Yes""","""yes""","""3"""
381,"""English""","""1""","""Female""","""45""","""None""","""""",NA,"""Yes""","""4"""
382,"""English""","""1""","""Male""","""31""","""no""","""""",NA,""".30""","""3"""
383,"""English""","""2""","""Female""","""24""","""No""","""""","""Yes""",""".30""","""2"""
